player_name,sentiment_score
David Raya Martín,-0.1241
Kepa Arrizabalaga Revuelta,-0.896
Illan Meslier,-0.9886
Gabriel dos Santos Magalhães,-0.7498
Jurriën Timber,0.0
William Saliba,0.3231
Myles Lewis-Skelly,0.1945
Riccardo Calafiori,0.4618
Piero Hincapié,0.5682
Benjamin White,0.996
Cristhian Mosquera,0.4437
Bukayo Saka,0.6948
Declan Rice,-0.1352
Eberechi Eze,-0.9723
Martin Ødegaard,-0.2315
Noni Madueke,-0.973
Mikel Merino Zazón,0.2629
Gabriel Martinelli Silva,0.0
Martín Zubimendi Ibáñez,-0.357
Max Dowman,-0.0167
Ethan Nwaneri,-0.6965
Fábio Ferreira Vieira,0.0
Reiss Nelson,0.0
Viktor Gyökeres,0.4929
Kai Havertz,-0.1221
Gabriel Fernando de Jesus,0.0
Ezri Konsa Ngoyo,-0.376
Bruno Guimarães Rodriguez Moura,0.0
Christos Tzolis,-0.2097
Marco Bizot,0.0
Lucas Digne,0.0
Matty Cash,-0.9302
Tyrone Mings,-0.9914
Pau Torres,0.0
Lamare Bogarde,0.0
Ian Maatsen,-0.2979
Victor Lindelöf,-0.4865
Andrés García,0.0
Kosta Nedeljkovic,-0.077
Emiliano Buendía Stati,0.999
Leon Bailey,0.0
John McGinn,0.2606
Ross Barkley,-0.0975
Boubacar Kamara,-0.8092
Amadou Onana,-0.8762
Samuel Iling-Junior,0.0
Bradley Burrowes,0.0
George Hemmings,-0.5282
Alysson Edward Franco da Rocha dos Santos,0.9932
Johan Manzambi,0.6124
Joao Gomes,0.0
Ollie Watkins,-0.9859
Tammy Abraham,-0.5975
Alejandro Garnacho Ferreyra,0.27
Nicolas Jackson,0.0
Brian Madjo,0.5254
Matteo Ruggeri,0.0373
Zion Suzuki,0.2571
Triston Rowe,0.8992
Luka Lynch,-0.4315
Aaron Wan-Bissaka,-0.9605
Leon Goretzka,0.3846
Taylor Harwood-Bellis,0.0639
Ibrahim Mbaye,0.0
James Wright,0.8992
Đorđe Petrović,-0.2812
Fraser Forster,-0.8456
Will Dennis,0.0
James Hill,0.9738
Adrien Truffert,-0.2315
Bafodé Diakité,-0.8572
Veljko Milosavljevic,-0.0834
Adam Smith,-0.1078
Julián Araujo Zúñiga,0.0
Julio Soler Barreto,0.0
Rayan Vitor Simplício Rocha,0.0
Marcus Tavernier,-0.519
Alex Scott,-0.2496
Justin Kluivert,0.4901
Lewis Cook,0.9971
Ben Gannon-Doak,0.0
Tyler Adams,0.1643
David Brooks,-0.876
Ryan Christie,-0.6618
Alex Tóth,0.979
Amine Adli,-0.9001
Junior Kroupi,-0.4912
Francisco Evanilson de Lima Barbosa,0.0
Enes Ünal,0.0
Álvaro Rodríguez,0.0
António João Pereira de Albuquerque Tavares da Silva,0.0
Juanlu Sánchez,0.99
Daniel Jebbison,0.9926
Michele Di Gregorio,0.0
Caoimhín Kelleher,-0.4199
Hákon Rafn Valdimarsson,0.4431
Nathan Collins,0.8942
Sepp van den Berg,0.8942
Keane Lewis-Potter,0.0
Kristoffer Ajer,0.615
Michael Kayode,0.3843
Rico Henry,0.0
Aaron Hickey,0.0
Kim Ji-soo,-0.1342
Jannik Schuster,-0.0789
Kevin Schade,-0.4982
Dango Ouattara,0.0
Mikkel Damsgaard,-0.3611
Mathias Jensen,0.0
Vitaly Janelt,0.2679
Antoni Milambo,-0.8645
Fábio Freitas Gouveia Carvalho,0.0
Yehor Yarmoliuk,0.0
Josh Dasilva,0.0
Jaidon Anthony,-0.9217
Igor Thiago Nascimento Rodrigues,-0.3507
Kaye Furo,-0.3964
Callum Wilson,-0.521
Mamadou Sangaré,0.0
El Hadji Malick Diouf,0.0
Gustavo Nunes Fernandes Gomes,-0.4039
Benjamin Fredrick,0.9965
Ellery Balcombe,0.0
Bart Verbruggen,0.4891
Jason Steele,-0.0509
Ferdi Kadıoğlu,0.0
Olivier Boscagli,0.9633
Maxim De Cuyper,-0.3252
Lewis Dunk,0.701
Diego Coppola,0.0
Igor Julio dos Santos de Paulo,0.0
João Pedro Loureiro da Costa,0.0
Michael Svoboda,0.939
Mitoma Kaoru,-0.9542
Yankuba Minteh,-0.4142
Jack Hinshelwood,0.6537
Pascal Groß,0.1603
Georginio Rutter,0.0
Matt O'Riley,0.2245
Diego Gómez Amarilla,-0.9521
Facundo Buonanotte,-0.9841
Yasin Ayari,0.1911
Mats Wieffer,0.7764
Harry Howell,0.0
Tom Watson,0.8105
Nehemiah Oriola,0.082
Zadok Yohanna,0.9847
Stefanos Tzimas,0.3803
Charalampos Kostoulas,0.28
Evan Ferguson,-0.9162
Pascal Struijk,0.0
Luka Vušković,-0.1626
Promise David,0.9634
Ibrahim Osman,0.0
Malick Yalcouyé,-0.5727
Jaouen Hadjam,0.0
Amario Cozier-Duberry,0.0
José María Andrés Baixauli,0.0
Femi Azeez,0.0
Younes Ibrahim,0.1268
Emiliano Martínez Romero,0.9917
Morgan Rogers,0.5154
Jordan Henderson,-0.5322
Danny Welbeck,-0.922
Robert Lynch Sánchez,0.9913
Filip Jörgensen,-0.2175
Reece James,0.7854
Trevoh Chalobah,0.0
Malo Gusto,-0.3007
Wesley Fofana,-0.5779
Benoît Badiashile Mukinayi,0.0
Jorrel Hato,0.0
Levi Samuels Colwill,-0.8931
Mamadou Sarr,0.0
Josh Acheampong,-0.2542
Marco Palestra,0.9097
Cole Palmer,0.4547
Pedro Lomba Neto,0.6698
Estêvão Almeida de Oliveira Gonçalves,-0.4013
Jamie Bynoe-Gittens,-0.035
Moisés Caicedo Corozo,-0.3053
Roméo Lavia,-0.0375
Dário Luís Essugo,0.0
Geovany Quenda,-0.0835
João Pedro Junqueira de Jesus,0.6448
Marc Guiu Paz,0.0
Shumaira Mheuka,0.6492
Emmanuel Emegha,0.5401
Maxence Lacroix,-0.3379
Mike Penders,0.4956
Aaron Anselmino,0.0
Valentín Barco,0.5276
Pep Chavarría,-0.8434
Mahdi Nicoll-Jazuli,-0.2595
Ethan Pinnock,-0.6176
Frank Onyeka,0.0
Carl Rushworth,-0.1729
Oliver Dovin,0.591
Ben Wilson,-0.8474
Bobby Thomas,-0.3533
Liam Kitching,0.8859
Milan van Ewijk,0.3042
Jay Dasilva,0.5935
Kaine Kesler-Hayden,-0.5715
Jake Bidwell,-0.287
Joel Latibeaudiere,0.0
Luke Woolfenden,0.0
Miguel Brau,0.0
Aurèle Amenda,-0.2141
Jack Rudoni,-0.2394
Matt Grimes,0.0877
Tatsuhiro Sakamoto,0.0
Ephron Mason-Clark,-0.5664
Josh Eccles,0.9762
Victor Torp,0.0
George Shepherd,0.0
Loum Tchaouna,-0.2047
Raphael Borges Rodrigues,0.0
Kai Andrews,0.0
Haji Wright,0.0
Brandon Thomas-Asante,0.1431
Ellis Simms,-0.7181
Jahnoah Markelo,-0.8812
Norman Bassette,0.0
Taiwo Awoniyi,0.1265
Caleb Yirenkyi,-0.3791
Gustavo Hamer,0.0
Sidiki Cherif,0.0
Dan Bentley,0.0
Yann Gboho,0.0
Stephen Mfuni,-0.976
Evann Guessand,0.3788
Axel Disasi,-0.3209
Dean Henderson,-0.319
Walter Benítez,0.8997
Chris Richards,0.1133
Jaydee Canvot,0.9895
Tyrick Mitchell,0.022
Borna Sosa,-0.7208
Chadi Riad Dnanou,0.0
Oscar Mingueza,0.0
Ismaïla Sarr,-0.0158
Adam Wharton,-0.171
Yéremy Pino Santos,0.0
Will Hughes,0.7633
Jefferson Lerma Solís,0.0
Daichi Kamada,-0.0603
Justin Devenny,0.0
Romain Esse,0.0
Matheus França de Oliveira,-0.9596
Cheick Doucouré,0.7633
Jesurun Rak-Sakyi,0.0
Rio Cardines,0.0
Joél Drakes-Thomas,0.0
Jørgen Strand Larsen,-0.9982
Jean-Philippe Mateta,0.1486
Eddie Nketiah,0.7633
Christantus Uche,0.0
Dwight McNeil,0.0
Remi Matthews,0.9786
Takehiro Tomiyasu,0.0
Anan Khalaili,-0.9814
Zavier Gozo,0.9973
Honest Ahanor,-0.1543
Ben Chilwell,0.7633
Quinten Timber,-0.0345
Darío Osorio,0.9931
Christian Nørgaard,0.357
Brennan Johnson,0.2716
Jordan Pickford,0.1828
Mark Travers,-0.9215
Tom King,0.9956
James Tarkowski,0.8079
Jarrad Branthwaite,0.0577
Michael Keane,-0.0956
Jake O'Brien,0.1432
Vitalii Mykolenko,0.2506
Nathan Patterson,0.998
Adam Aznou,-0.4157
Kiernan Dewsbury-Hall,0.3954
Jack Grealish,0.6148
James Garner,-0.2819
Tyrique George,0.9991
Carlos Alcaraz Durán,0.6999
Harrison Armstrong,0.4061
Tyler Dibling,0.0942
Merlin Röhl,-0.2605
Hayden Hackney,0.5996
Norberto Bercique Gomes Betuncal,0.0
Thierno Barry,0.602
Ainsley Maitland-Niles,-0.7949
Braiden Graham,0.0146
Bernd Leno,0.4114
Benjamin Lecomte,0.0
Alfie McNally,0.9224
Joachim Andersen,0.9783
Antonee Robinson,-0.8671
Jorge Cuenca Barreno,0.0
Kenny Tete,0.9982
Calvin Bassey,0.0
Timothy Castagne,0.2306
Alex Iwobi,0.8961
Emile Smith Rowe,0.8286
Kevin Santos Lopes de Macedo,0.2582
Oscar Bobb,0.9984
Sander Berge,0.0
Tom Cairney,0.0
Josh King,0.9884
Ryan Sessegnon,0.5084
Harrison Reed,-0.8222
Rodrigo Muniz Carvalho,-0.6766
Jonah Kusi-Asare,0.0
Gonzalo García,0.0
César Palacios,0.0
Shea Charles,0.1801
Luc De Fougerolles,-0.5845
Macaulay Zepa,0.0
Hugo Larsson,0.5139
Manuel Ángel Morán Ibáñez,0.0
David Affengruber,-0.4943
Tim Iroegbunam,-0.9535
Dillon Phillips,-0.9147
Jack Butland,-0.9565
Harvey Cartwright,-0.8696
Thimothée Lo-Tutala,-0.5258
John Egan,0.0
Charlie Hughes,-0.8327
Semi Ajayi,0.0
Lewie Coyle,0.9965
Cody Drameh,0.0
Ryan Giles,0.0456
Matty Jacob,0.0
Cathal McCarthy,0.0
Paddy McNair,0.0
Mohamed Belloumi,-0.8083
Liam Millar,0.9894
Kieran Dowell,-0.7466
Matt Crooks,-0.9043
Regan Slater,0.1822
Eliot Matazo,0.0
Abdülkadir Ömür,-0.787
Abu Kamara,0.0
Óscar Zambrano,0.0
Oli McBurnie,0.1697
David Akintola,0.0
Darko Gyabi,-0.9545
Enis Destan,0.0
Mason Burstow,0.0
Joe Gelhardt,0.0
Matt Targett,-0.6978
Hidemasa Morita,0.0
Konstantinos Tzolakis,0.2203
Jens Hjertø-Dahl,0.0
Elliot Stroud,-0.3702
Lucas Herrington,-0.107
Nobel Mendy,-0.0773
Lucas Gourna-Douath,-0.7835
Mohamed-Ali Cho,0.0
Ilyas Ansah,-0.9218
Robinio Vaz,0.9871
Brooke Norton-Cuffy,-0.7814
Sorba Thomas,-0.3144
Christos Mouzakitis,-0.9101
Issa Diop,-0.7107
Saša Lukić,0.9968
Christian Walton,0.6784
Alex Palmer,0.0
David Button,-0.0692
Cédric Kipré,-0.2121
Dara O'Shea,0.8969
Leif Davis,0.9991
Jacob Greaves,-0.8238
Ben Johnson,0.0
Darnell Furlong,-0.9741
Marcelino Núñez,0.1306
Azor Matusiwa,0.0
Wes Burns,0.0
Jack Taylor,0.0
Jack Clarke,-0.9436
Chiedozie Ogbene,0.0
Abdul Fatawu,0.7632
Emersonn Correia da Silva,0.9748
George Hirst,0.0
Jaden Philogene,0.0
Sam Szmodics,0.0
Chuba Akpom,-0.9914
Sindre Walle Egeli,-0.1879
Ali Al-Hamadi,0.0
Kasey McAteer,-0.9057
Anis Mehmeti,-0.3696
Kayne van Oevelen,0.0
Daizen Maeda,0.5289
Kjell Scherpen,-0.1499
Florentino Ibrain Morris Luís,0.0
Julio Enciso,-0.5949
Abdoul Ouattara,-0.903
Cameron Humphreys,0.0
Exequiel Palacios,0.4361
Zian Flemming,0.9446
Harry Wilson,-0.5853
Lucas Estella Perri,0.0
Jaka Bijol,0.2738
Joe Rodon,-0.4603
Jayden Bogle,-0.7763
Gabriel Gudmundsson,0.2991
James Justin,-0.0884
Sebastiaan Bornauw,0.7293
Tarik Muharemović,-0.0021
Anton Stach,-0.5053
Noah Okafor,-0.0502
Brenden Aaronson,-0.9922
Ethan Ampadu,0.1823
Sean Longstaff,0.0
Wilfried Gnonto,0.0
Jack Harrison,0.0
Daniel James,-0.1417
Ilia Gruev,-0.3781
Tanaka Ao,0.0
Dominic Calvert-Lewin,0.3666
Lukas Nmecha,-0.6628
Joël Piroe,0.0
Mateo Joseph Fernández-Regatillo,-0.8181
James Trafford,0.6523
Nico Elvedi,0.4226
Jayden Lienou,0.0785
Alfie Cresswell,-0.981
Alex Cairns,0.0
Michael Zetterer,0.0
Melvin Bard,0.0
Jean-Mattéo Bahoya,0.082
Alisson Becker,0.0
Giorgi Mamardashvili,-0.0432
Freddie Woodman,0.0
Armin Pecsi,0.0
Vitezslav Jaros,-0.8101
Harvey Davies,0.0
Virgil van Dijk,0.5611
Jeremie Frimpong,0.9944
Milos Kerkez,0.136
Joe Gomez,-0.9177
Conor Bradley,0.0438
Wellity Lucky,-0.402
Jeremy Jacquet,0.6396
Giovanni Leoni,0.0493
Kostas Tsimikas,0.7043
Calvin Ramsay,-0.883
Florian Wirtz,0.3072
Cody Gakpo,-0.3232
Dominik Szoboszlai,-0.1783
Rio Ngumoha,0.3153
Federico Chiesa,-0.6257
Ryan Gravenberch,0.1411
Alexis Mac Allister,0.357
Curtis Jones,0.0
Endo Wataru,0.0
Trey Nyoni,0.0542
Stefan Bajčetić Maquieira,0.0
Victor Munoz,0.5778
James McConnell,0.9919
Alexander Isak,-0.2269
Hugo Ekitiké,0.4123
Lewis Koumas,0.9705
Jayden Danns,0.5109
Harvey Elliott,0.9508
Ronald Araujo,0.4122
Bradley Barcola,-0.1688
Enzo Fernández,-0.6125
Iliman Ndiaye,0.3791
Gianluigi Donnarumma,-0.3215
Marcus Bettinelli,0.0
Nico O'Reilly,-0.1969
Marc Guéhi,0.748
Matheus Nunes,0.0
Rúben dos Santos Gato Alves Dias,0.0602
Joško Gvardiol,-0.1156
Rayan Aït-Nouri,-0.9446
Abdukodir Khusanov,0.9792
Max Alleyne,0.0
Rico Lewis,0.6651
Vitor de Oliveira Nunes dos Reis,-0.9041
Antoine Semenyo,0.4911
Phil Foden,-0.7755
Rayan Cherki,0.3172
Jérémy Doku,-0.1552
Rodrigo 'Rodri' Hernandez Cascante,0.0
Tijjani Reijnders,0.0
Mateo Kovačić,-0.2501
Claudio Echeverri,0.0
Kalvin Phillips,-0.8029
Divine Mukasa,0.5653
Jeremy Monga,0.0
Erling Haaland,-0.2476
Elliot Anderson,0.3676
Gerónimo Rulli,-0.9595
Ayyoub Bouaddi,0.0022
Ryan McAidoo,-0.9989
Kaden Braithwaite,0.0
Allan Andrade Elias,0.0
Floyd Samba,-0.0876
Youri Tielemans,0.0706
Carlos Baleba,0.0349
Andrey Nascimento dos Santos,-0.8869
Karl Darlow,0.0
Senne Lammens,0.0614
Altay Bayındır,0.0
Tom Heaton,0.96
Patrick Dorgu,-0.0209
Matthijs de Ligt,0.3137
Diogo Dalot Teixeira,0.5191
Harry Maguire,-0.0017
Lisandro Martínez,0.9991
Leny Yoro,-0.1333
Ayden Heaven,0.0
Noussair Mazraoui,-0.4568
Luke Shaw,0.0019
Harry Amass,-0.3754
Tyler Fredricson,0.0
Bruno Borges Fernandes,0.0
Bryan Mbeumo,0.9979
Matheus Santos Carneiro da Cunha,0.9963
Marcus Rashford,-0.4458
Mason Mount,0.2338
Amad Diallo,0.0
Kobbie Mainoo,0.0772
Manuel Ugarte Ribeiro,0.2303
Jack Fletcher,0.0
Shea Lacey,0.9436
Toby Collyer,0.2488
Bendito Mantato,-0.9591
Tyler Fletcher,0.221
Benjamin Sesko,-0.0404
Joshua Zirkzee,0.2173
Chido Obi,0.0
Nico González Iglesias,0.0
Nick Pope,-0.9045
Mark Gillespie,0.0
Ewen Jaouen,-0.1599
Malick Thiaw,-0.1719
Fabian Schär,0.0
Sven Botman,-0.5132
Dan Burn,-0.6098
Lewis Hall,0.4536
Tino Livramento,0.9403
Alex Murphy,0.0
Harvey Barnes,0.7884
Anthony Elanga,-0.2805
Jacob Ramsey,0.0
Jacob Murphy,0.0
Joelinton Cássio Apolinário de Lira,0.0
Lewis Miley,0.0
Joe Willock,-0.1994
Bazoumana Touré,-0.9863
Sean Steur,0.6142
Nick Woltemade,-0.6507
Yoane Wissa,0.0482
William Osula,0.4744
Sean Neave,0.0
Aladji Bamba,0.0
Lukás Hornícek,0.0
Amar Dedic,-0.9498
Leo Shahar,0.0
Matias Fernandez-Pardo,-0.6016
Mason Miley,-0.9221
Miodrag Pivas,-0.9676
Vakhtang Salia,-0.2789
Michael Mills,-0.0065
Kyran Thompson,0.0
Liam Delap,0.5408
Daniel Muñoz Mejía,0.147
Matz Sels,-0.1249
John Victor Maciel Furtado,0.0
Neco Williams,0.0
Felipe Rodrigues da Silva,0.9991
Nikola Milenković,0.4864
Murillo Costa dos Santos,0.743
Ola Aina,-0.9623
Jair Paula da Cunha Filho,0.996
Nicolò Savona,0.1399
Omar Richards,0.0
Zach Abbott,0.0
Luca Netz,0.0
Tyler Bindon,0.9961
Morgan Gibbs-White,-0.0868
Callum Hudson-Odoi,-0.938
Dan Ndoye,0.38
Omari Hutchinson,0.0
Dilane Bakwa,0.0
James McAtee,0.994
Nicolás Domínguez,0.0
Ibrahim Sangaré,-0.9292
Ryan Yates,0.9836
Chris Wood,0.9991
Igor Jesus Maciel da Cruz,0.2308
Arnaud Kalimuendo,0.0
Xaver Schlager,0.2905
Ousmane Diomande,-0.7574
Steven Benda,0.0
Jan Paul van Hecke,-0.4893
Tosin Adarabioyo,0.0
Omar Marmoush,-0.4412
Sávio Moreira de Oliveira,0.0
Sandro Tonali,0.1366
Guglielmo Vicario,-0.9985
Brandon Austin,0.0
Antonín Kinský,-0.2025
Martin Dubravka,0.0
Marcos Senesi Barón,-0.2205
Pedro Porro Sauceda,-0.4943
Cristian Romero,0.9987
Andrew Robertson,0.3467
Micky van de Ven,-0.177
Djed Spence,0.0
Destiny Udogie,0.9783
Ashley Phillips,0.5563
Ben Davies,-0.3489
Jun'ai Byfield,0.0
James Rowswell,0.0
João Victor de Souza Menezes,0.0
Mohammed Kudus,0.3497
Xavi Simons,-0.9779
Mathys Tel,0.4009
James Maddison,0.935
Rodrigo Bentancur,-0.8572
Wilson Odobert,-0.5987
Pape Matar Sarr,0.0
Conor Gallagher,0.0
Lucas Bergvall,0.0
Dejan Kulusevski,-0.4085
Archie Gray,-0.9775
Mikey Moore,0.0968
Callum Olusesi,-0.3305
Mateus Fernandes,-0.9081
Dominic Solanke-Mitchell,0.1764
Richarlison de Andrade,0.0
Dane Scarlett,0.0
Mykhailo Mudryk,-0.4384
Luca Williams-Barnett,0.0554
Kevin Danso,0.115
Robin Roefs,0.2756
Anthony Patterson,0.0
Melker Ellborg,0.9985
Daniel Ballard,0.9953
Nordi Mukiele,-0.6325
Trai Hume,0.3194
Omar Alderete,0.0
Reinildo Mandava,0.0
Jenson Seelt,0.0
Leo Fuhr Hjelde,0.0
Luke O'Nien,0.9978
Arthur Masuaku,0.0
Thomas Meunier,-0.5075
Enzo Le Fée,0.6698
Habib Diarra,0.6631
Granit Xhaka,-0.2231
Noah Sadiki,-0.4569
Simon Adingra,0.0
Romaine Mundle,-0.9411
Chris Rigg,0.6131
Chemsdine Talbi,-0.9614
Djiamgone Jocelin Ta Bi,0.0
Nilson Angulo,0.0
Brian Brobbey,-0.3032
Wilson Isidor,-0.0146
Dayann Méthalie,0.9984
Jules Ahoka,-0.45
Malick Fofana,-0.0173
Juan Angulo,0.0
